feature,importance
lat,0.29573711229878
lng,0.25736005597291717
accept_day,0.12035661189538853
accept_hour,0.10999998935692254
courier_id,0.10530178826003292
accept_month,0.07882959536605717
region_id,0.00832230531124346
aoi_type_1,0.007920599408306096
aoi_type_14,0.006428911486026989
accept_gps_valid,0.00335311553123568
aoi_type_7,0.0018435834977157761
aoi_type_4,0.0009759462730021565
aoi_type_12,0.0009608047138272062
aoi_type_0,0.0009409861341365901
aoi_type_10,0.0009283719468673178
aoi_type_3,0.0003669921928396042
aoi_type_13,0.0001935693190808507
aoi_type_9,0.0001027401520983082
aoi_type_2,5.011340854096843e-05
aoi_type_5,2.6379861144328422e-05
aoi_type_11,4.2761383627664466e-07
